Modal,Potensi_Pasar,Lokasi,Persaingan,Tren_Usaha,Jenis_Usaha
14100000,3,3,1,2,Kuliner
22600000,3,2,3,2,Kuliner
13400000,3,2,2,3,Kuliner
10200000,3,3,2,3,Kuliner
22500000,3,2,2,3,Kuliner
13900000,2,2,2,3,Kuliner
41000000,3,3,3,2,Kuliner
39600000,3,3,3,2,Kuliner
59600000,2,3,2,3,Kuliner
91100000,3,3,3,3,Kuliner
15900000,3,3,2,1,Kuliner
11900000,3,3,2,3,Kuliner
66200000,3,3,2,2,Kuliner
14100000,3,2,1,2,Kuliner
12600000,2,2,2,3,Kuliner
10400000,3,3,2,3,Kuliner
15600000,2,3,2,3,Kuliner
15400000,2,3,3,3,Kuliner
9500000,2,3,3,3,Kuliner
70500000,2,2,2,2,Kuliner
2100000,2,2,2,3,Kuliner
2000000,3,3,2,3,Kuliner
135200000,3,3,3,3,Kuliner
14100000,3,3,3,3,Kuliner
3600000,2,3,2,3,Kuliner
3700000,3,1,2,3,Kuliner
4300000,3,3,2,2,Kuliner
8900000,3,3,1,1,Kuliner
11800000,2,3,1,1,Kuliner
5400000,3,1,2,3,Kuliner
4800000,3,3,3,3,Kuliner
21500000,3,3,2,3,Kuliner
5300000,3,1,3,3,Kuliner
5000000,3,2,2,3,Kuliner
8500000,3,1,3,3,Kuliner
10500000,3,3,2,3,Kuliner
63100000,3,2,2,3,Kuliner
2300000,3,3,2,3,Kuliner
14600000,2,2,2,3,Kuliner
5000000,3,3,3,3,Kuliner
11400000,3,3,3,1,Kuliner
138500000,3,3,3,3,Kuliner
41400000,3,1,2,3,Kuliner
19800000,3,1,2,3,Kuliner
11800000,3,2,2,3,Kuliner
186000000,1,3,2,3,Kuliner
11300000,2,3,3,3,Kuliner
7600000,3,3,2,2,Kuliner
12900000,3,3,2,3,Kuliner
13100000,3,3,2,2,Kuliner
6200000,3,2,2,3,Kuliner
11700000,3,2,3,3,Kuliner
14300000,1,3,1,3,Kuliner
53300000,3,2,3,3,Kuliner
5600000,2,3,2,2,Kuliner
13100000,3,2,2,3,Kuliner
137300000,3,3,1,3,Kuliner
51600000,3,3,3,3,Kuliner
5900000,3,2,2,3,Kuliner
178700000,3,3,2,3,Kuliner
192200000,2,3,1,2,Kuliner
7700000,2,3,3,2,Kuliner
25200000,3,3,2,1,Kuliner
8500000,2,3,2,3,Kuliner
11500000,3,3,1,3,Kuliner
8000000,2,3,2,2,Kuliner
172500000,3,2,3,3,Kuliner
10100000,3,2,2,3,Kuliner
5200000,2,3,2,3,Kuliner
5700000,2,3,2,1,Kuliner
24500000,3,3,2,3,Kuliner
9000000,3,3,2,3,Kuliner
15200000,3,2,3,3,Kuliner
82700000,2,2,2,3,Kuliner
10700000,2,2,3,3,Kuliner
30300000,3,3,2,3,Kuliner
5500000,3,2,1,2,Kuliner
44800000,3,3,3,3,Kuliner
7200000,2,2,1,3,Kuliner
5400000,2,2,2,3,Kuliner
80300000,2,2,3,2,Kuliner
29100000,1,2,2,3,Kuliner
68900000,3,2,2,3,Kuliner
41600000,2,1,2,1,Kuliner
14400000,1,1,2,2,Kuliner
15100000,3,2,2,3,Kuliner
34400000,3,2,3,3,Kuliner
26100000,3,2,2,3,Kuliner
39500000,3,1,3,3,Kuliner
15300000,3,3,1,1,Kuliner
10400000,3,1,2,2,Kuliner
12500000,3,2,2,3,Kuliner
10600000,3,1,2,3,Kuliner
24700000,2,2,2,1,Kuliner
130800000,3,2,1,3,Kuliner
123700000,3,2,3,3,Kuliner
103000000,3,3,2,2,Kuliner
79200000,1,2,3,2,Kuliner
68700000,2,3,2,3,Kuliner
164100000,3,2,3,3,Kuliner
24200000,3,1,2,2,Kuliner
27900000,2,3,2,3,Kuliner
22700000,3,2,2,3,Kuliner
9600000,2,1,1,3,Kuliner
106700000,3,3,3,3,Kuliner
18900000,2,2,2,3,Kuliner
85800000,3,2,3,1,Kuliner
144000000,3,1,3,1,Kuliner
23400000,3,3,2,2,Kuliner
56900000,2,3,1,3,Kuliner
26000000,2,3,2,2,Kuliner
8700000,3,3,3,3,Kuliner
42200000,3,3,3,3,Kuliner
22200000,2,2,3,3,Kuliner
11100000,3,2,1,2,Kuliner
92200000,3,2,3,3,Kuliner
17200000,3,2,2,3,Kuliner
19900000,1,2,3,3,Kuliner
53100000,3,2,3,1,Kuliner
47600000,3,3,2,1,Kuliner
19300000,3,2,1,3,Kuliner
4000000,3,3,2,3,Kuliner
6600000,3,3,1,3,Kuliner
6500000,1,3,2,2,Kuliner
9500000,1,3,2,3,Kuliner
5200000,3,1,2,3,Kuliner
4800000,1,3,2,3,Kuliner
51600000,1,2,2,3,Kuliner
21000000,3,3,2,3,Kuliner
19000000,2,1,1,3,Kuliner
44500000,3,1,3,3,Kuliner
33900000,1,3,2,3,Kuliner
15900000,3,2,2,3,Kuliner
4800000,3,3,2,3,Kuliner
58600000,3,2,1,2,Kuliner
26700000,2,3,2,3,Kuliner
19200000,3,2,1,3,Kuliner
4200000,1,3,3,1,Kuliner
42700000,1,2,2,3,Kuliner
6400000,2,2,3,2,Kuliner
48000000,2,2,3,3,Kuliner
4800000,2,3,2,2,Kuliner
38300000,3,3,2,3,Kuliner
5100000,3,3,1,3,Kuliner
166400000,3,3,2,2,Kuliner
6700000,3,3,2,3,Kuliner
5700000,3,2,3,3,Kuliner
95600000,2,3,2,2,Kuliner
16900000,1,2,2,2,Kuliner
8900000,1,2,2,3,Kuliner
4100000,2,3,3,2,Kuliner
3900000,2,2,3,3,Kuliner
3400000,3,3,2,3,Kuliner
3500000,1,3,1,3,Kuliner
110400000,2,1,2,3,Kuliner
9900000,3,3,1,3,Kuliner
3800000,3,3,3,3,Kuliner
61100000,3,2,2,3,Kuliner
3100000,1,2,2,1,Kuliner
9500000,3,3,2,2,Kuliner
10800000,2,3,2,1,Kuliner
4900000,2,3,2,3,Kuliner
5300000,2,3,3,1,Kuliner
22900000,2,3,1,3,Kuliner
3100000,3,2,2,3,Kuliner
7800000,3,3,2,2,Kuliner
11400000,3,2,1,3,Kuliner
100900000,2,3,3,2,Kuliner
15900000,3,3,3,3,Kuliner
41300000,1,3,2,3,Kuliner
5600000,2,3,1,2,Kuliner
46600000,3,3,2,2,Kuliner
6500000,3,3,3,3,Kuliner
49100000,3,3,2,3,Kuliner
5000000,3,2,3,3,Kuliner
9300000,3,3,3,1,Kuliner
8000000,3,3,3,3,Kuliner
6600000,3,2,2,2,Kuliner
7100000,2,3,2,3,Kuliner
159900000,2,3,2,3,Kuliner
23600000,2,2,1,3,Kuliner
20000000,3,3,3,3,Kuliner
81300000,3,2,2,3,Kuliner
10300000,2,2,1,3,Kuliner
5400000,2,3,2,1,Kuliner
8900000,2,3,1,3,Kuliner
120600000,2,2,3,3,Kuliner
9800000,3,3,2,1,Kuliner
14600000,3,3,1,3,Kuliner
5400000,3,2,1,3,Kuliner
12400000,3,2,2,3,Kuliner
11800000,2,3,3,2,Kuliner
10000000,2,3,2,3,Kuliner
8600000,2,3,2,3,Kuliner
10000000,3,3,3,2,Kuliner
5800000,2,3,2,3,Kuliner
83400000,3,2,2,3,Kuliner
8600000,3,3,3,3,Kuliner
5100000,3,3,2,2,Kuliner
62300000,3,1,3,1,Kuliner
18200000,3,2,2,3,Kuliner
14600000,3,3,2,3,Kuliner
84600000,3,3,2,2,Kuliner
19800000,3,3,3,3,Kuliner
22700000,1,3,2,1,Kuliner
66000000,2,3,2,3,Kuliner
59200000,3,3,2,3,Kuliner
15300000,3,3,3,1,Kuliner
22300000,2,3,3,3,Kuliner
11000000,2,3,3,2,Kuliner
21700000,1,3,2,2,Kuliner
29400000,3,3,3,3,Kuliner
16600000,3,3,1,3,Kuliner
18300000,3,1,3,2,Kuliner
29600000,3,2,3,3,Kuliner
26800000,3,2,1,3,Kuliner
17400000,3,3,2,3,Kuliner
42400000,3,3,3,3,Kuliner
18100000,3,3,2,3,Kuliner
101900000,3,2,2,3,Kuliner
10300000,3,2,2,2,Kuliner
19700000,1,3,2,3,Kuliner
9500000,2,3,3,2,Kuliner
13100000,3,3,2,3,Kuliner
105600000,3,3,2,3,Kuliner
68500000,2,2,2,2,Kuliner
7800000,3,3,2,3,Kuliner
78100000,2,3,2,2,Kuliner
7900000,3,2,2,3,Kuliner
6100000,3,3,2,3,Kuliner
14400000,2,2,2,3,Kuliner
167300000,3,3,2,2,Kuliner
10800000,3,3,1,3,Kuliner
18100000,3,1,2,1,Kuliner
12100000,1,3,1,3,Kuliner
59500000,3,3,2,3,Kuliner
28600000,3,3,3,3,Kuliner
44700000,3,3,3,3,Kuliner
74100000,1,1,1,3,Kuliner
40600000,3,3,3,2,Kuliner
15400000,3,3,1,2,Kuliner
4700000,1,3,3,3,Kuliner
102700000,2,3,3,2,Kuliner
5600000,3,3,2,2,Kuliner
69800000,3,3,2,3,Kuliner
22600000,3,3,2,1,Kuliner
38500000,3,3,2,1,Kuliner
131700000,3,3,2,3,Kuliner
12600000,3,1,3,1,Kuliner
5300000,1,3,3,2,Kuliner
12300000,3,2,2,3,Kuliner
3700000,3,1,3,1,Kuliner
6800000,3,3,2,1,Kuliner
3400000,2,3,2,2,Kuliner
49200000,3,2,2,3,Kuliner
70200000,3,3,2,2,Kuliner
8100000,3,3,2,3,Kuliner
5500000,3,3,2,3,Kuliner
8200000,2,3,2,3,Kuliner
3200000,1,2,2,3,Kuliner
6600000,3,2,2,3,Kuliner
5200000,3,3,1,3,Kuliner
6700000,1,2,2,3,Kuliner
21100000,3,3,2,2,Kuliner
5200000,3,2,2,2,Kuliner
5100000,2,2,1,2,Kuliner
70100000,3,2,2,1,Kuliner
8800000,1,2,2,3,Kuliner
7400000,3,2,2,3,Kuliner
126500000,3,2,2,2,Kuliner
5400000,2,1,2,3,Kuliner
24400000,3,2,2,3,Kuliner
41900000,1,3,2,3,Kuliner
11500000,3,2,3,3,Kuliner
17500000,3,3,2,3,Kuliner
14500000,3,3,1,3,Kuliner
182600000,3,2,1,3,Kuliner
8800000,2,2,3,3,Kuliner
112300000,3,2,2,3,Kuliner
34400000,3,2,3,2,Kuliner
5000000,1,3,2,3,Kuliner
3700000,3,2,2,3,Kuliner
6000000,3,3,2,3,Kuliner
4600000,3,2,2,3,Kuliner
26600000,1,3,2,2,Kuliner
30800000,2,1,2,2,Kuliner
134500000,3,2,2,3,Kuliner
24000000,3,1,2,3,Kuliner
67400000,3,3,2,3,Kuliner
31000000,2,2,2,3,Kuliner
3600000,3,2,1,1,Kuliner
29800000,3,1,1,1,Kuliner
100600000,3,2,2,3,Kuliner
119300000,3,1,2,3,Kuliner
5500000,3,2,2,1,Kuliner
29600000,2,3,2,2,Kuliner
6100000,3,2,3,3,Kuliner
5400000,3,2,2,3,Kuliner
91400000,2,2,3,3,Kuliner
6800000,3,3,1,3,Kuliner
17000000,3,3,2,3,Kuliner
7100000,1,1,2,3,Kuliner
9400000,2,2,2,3,Kuliner
29800000,2,1,2,3,Kuliner
14900000,3,2,2,2,Kuliner
7200000,3,2,2,3,Kuliner
15900000,3,2,1,2,Kuliner
7600000,3,2,2,3,Kuliner
33400000,3,1,2,3,Kuliner
76300000,3,2,2,3,Kuliner
37400000,3,2,2,3,Kuliner
133500000,3,3,3,2,Kuliner
72800000,3,2,1,3,Kuliner
8500000,3,2,2,2,Kuliner
6600000,3,1,3,1,Kuliner
47600000,2,3,2,3,Kuliner
53900000,2,2,3,3,Kuliner
33600000,3,2,2,3,Kuliner
12600000,2,3,2,3,Kuliner
10200000,2,3,3,2,Kuliner
4200000,3,1,2,3,Kuliner
2000000,1,3,3,3,Kuliner
40800000,1,2,3,3,Kuliner
3500000,3,3,2,2,Kuliner
5400000,1,2,3,3,Kuliner
2700000,2,3,3,2,Kuliner
2300000,3,3,1,3,Kuliner
94100000,3,3,2,3,Kuliner
30500000,3,3,2,3,Kuliner
3000000,3,1,2,2,Kuliner
46300000,3,3,2,3,Kuliner
30600000,3,3,1,3,Kuliner
173600000,3,3,2,3,Kuliner
2800000,1,3,3,3,Kuliner
4400000,3,2,3,3,Kuliner
5800000,1,1,2,3,Kuliner
83400000,1,3,2,3,Kuliner
3600000,1,3,2,3,Kuliner
3000000,3,2,2,3,Kuliner
111000000,3,3,2,3,Kuliner
16200000,2,3,2,3,Kuliner
34900000,3,2,2,1,Kuliner
61800000,3,3,3,3,Kuliner
28200000,3,3,2,3,Kuliner
10300000,3,3,2,3,Kuliner
181800000,3,3,2,3,Kuliner
11200000,2,3,2,3,Kuliner
12800000,3,3,3,2,Kuliner
11700000,3,2,2,3,Kuliner
11100000,3,2,2,3,Kuliner
80400000,2,3,2,2,Kuliner
42200000,3,3,2,3,Kuliner
15600000,3,3,2,1,Kuliner
10300000,3,2,2,3,Kuliner
72600000,3,3,2,3,Kuliner
12900000,2,1,2,3,Kuliner
13500000,2,1,3,3,Kuliner
15700000,3,3,2,3,Kuliner
30300000,3,2,3,3,Kuliner
19900000,3,2,2,2,Kuliner
28400000,3,2,2,3,Kuliner
16000000,3,3,2,2,Kuliner
9000000,1,1,2,1,Kuliner
8500000,3,3,3,2,Kuliner
13000000,3,3,2,3,Kuliner
9800000,1,3,3,3,Kuliner
12900000,3,2,1,3,Kuliner
49100000,3,2,2,3,Kuliner
179200000,2,2,2,1,Kuliner
12900000,1,3,1,2,Kuliner
69800000,3,3,2,1,Kuliner
36900000,2,1,3,3,Kuliner
10800000,3,2,3,1,Kuliner
65600000,3,3,2,2,Kuliner
56800000,1,2,2,3,Kuliner
114500000,2,2,2,3,Kuliner
9900000,3,1,2,3,Kuliner
131500000,3,3,2,3,Kuliner
8300000,3,3,2,2,Kuliner
18400000,3,3,2,2,Kuliner
71700000,3,3,2,3,Kuliner
58900000,3,3,3,3,Kuliner
19600000,3,3,3,1,Kuliner
12900000,2,3,2,3,Kuliner
24400000,2,3,2,2,Kuliner
124000000,3,3,2,1,Kuliner
24900000,2,2,2,3,Kuliner
84100000,3,3,2,3,Kuliner
71300000,1,1,1,3,Kuliner
12700000,3,1,2,3,Kuliner
12300000,2,3,2,3,Kuliner
45800000,1,3,2,3,Kuliner
18300000,3,3,2,3,Kuliner
47400000,3,2,2,3,Kuliner
41200000,1,3,1,2,Kuliner
173800000,2,3,2,3,Kuliner
95500000,3,3,3,3,Kuliner
26500000,2,3,2,3,Kuliner
20400000,3,2,2,3,Kuliner
170100000,2,3,3,3,Kuliner
22700000,2,3,3,2,Perdagangan
12100000,1,2,3,2,Perdagangan
15100000,3,2,3,3,Perdagangan
35800000,1,3,3,2,Perdagangan
11000000,3,2,3,1,Perdagangan
28400000,3,3,3,2,Perdagangan
20300000,3,3,3,3,Perdagangan
55600000,1,2,3,2,Perdagangan
11600000,3,3,3,2,Perdagangan
143100000,3,3,3,3,Perdagangan
35400000,3,3,2,2,Perdagangan
40600000,3,3,3,3,Perdagangan
11000000,3,2,2,1,Perdagangan
23000000,3,1,3,2,Perdagangan
10500000,3,3,2,1,Perdagangan
27500000,3,3,3,2,Perdagangan
23700000,3,3,1,2,Perdagangan
18700000,3,3,3,2,Perdagangan
28700000,3,3,2,2,Perdagangan
11800000,3,3,3,2,Perdagangan
15200000,3,3,2,2,Perdagangan
148500000,3,3,3,2,Perdagangan
20300000,3,3,3,2,Perdagangan
195700000,3,3,3,2,Perdagangan
14900000,3,3,1,2,Perdagangan
154100000,2,3,3,2,Perdagangan
16100000,3,1,2,2,Perdagangan
15900000,3,3,3,2,Perdagangan
10200000,3,1,3,3,Perdagangan
12200000,3,3,3,2,Perdagangan
76300000,2,2,1,1,Perdagangan
14800000,2,3,3,2,Perdagangan
72200000,3,3,1,3,Perdagangan
24100000,3,3,3,2,Perdagangan
11100000,1,3,3,3,Perdagangan
17100000,2,3,3,2,Perdagangan
10000000,3,3,3,1,Perdagangan
69000000,3,3,2,3,Perdagangan
24300000,2,3,3,2,Perdagangan
160700000,2,3,3,3,Perdagangan
11400000,2,2,1,3,Perdagangan
5700000,3,2,1,3,Perdagangan
5200000,2,3,3,3,Perdagangan
24700000,3,2,3,3,Perdagangan
8000000,3,2,1,2,Perdagangan
3200000,3,2,3,3,Perdagangan
4900000,3,3,3,3,Perdagangan
1700000,3,1,1,3,Perdagangan
1800000,3,2,3,3,Perdagangan
4000000,2,1,2,3,Perdagangan
44800000,3,2,3,3,Perdagangan
7100000,2,2,2,3,Perdagangan
140800000,3,2,1,3,Perdagangan
162600000,3,2,3,3,Perdagangan
32900000,3,2,2,3,Perdagangan
4700000,3,3,3,3,Perdagangan
2500000,3,2,1,3,Perdagangan
17000000,3,2,2,3,Perdagangan
37700000,3,1,3,1,Perdagangan
72300000,2,2,3,3,Perdagangan
3700000,2,1,3,3,Perdagangan
3700000,3,3,3,3,Perdagangan
1200000,3,1,3,3,Perdagangan
10900000,2,2,3,3,Perdagangan
18700000,3,1,2,2,Perdagangan
146600000,3,2,3,3,Perdagangan
34700000,2,2,3,3,Perdagangan
1600000,3,1,3,3,Perdagangan
2700000,2,3,3,3,Perdagangan
145300000,2,1,3,1,Perdagangan
900000,2,1,3,1,Perdagangan
64200000,3,2,3,2,Perdagangan
2500000,2,1,3,2,Perdagangan
70900000,3,1,3,3,Perdagangan
131100000,3,3,3,3,Perdagangan
3000000,2,3,3,3,Perdagangan
69000000,3,2,3,2,Perdagangan
600000,3,2,3,3,Perdagangan
1200000,3,3,3,3,Perdagangan
38300000,3,1,1,3,Perdagangan
181200000,3,1,2,2,Perdagangan
42900000,1,2,3,2,Perdagangan
44000000,2,3,3,3,Perdagangan
50900000,1,2,1,2,Perdagangan
18000000,2,3,3,2,Perdagangan
21700000,3,2,1,3,Perdagangan
125400000,3,3,3,2,Perdagangan
44000000,3,3,2,3,Perdagangan
35700000,2,3,3,2,Perdagangan
22000000,3,3,3,2,Perdagangan
40800000,1,3,3,2,Perdagangan
75600000,1,1,3,2,Perdagangan
22500000,3,3,3,2,Perdagangan
27900000,3,3,3,2,Perdagangan
20700000,3,3,3,2,Perdagangan
16300000,2,3,3,2,Perdagangan
82400000,3,1,3,2,Perdagangan
20100000,2,3,1,3,Perdagangan
28800000,2,3,3,2,Perdagangan
32900000,3,3,2,2,Perdagangan
27000000,3,3,3,2,Perdagangan
24000000,3,3,3,2,Perdagangan
16800000,3,3,3,2,Perdagangan
13600000,3,3,3,2,Perdagangan
33300000,2,3,2,2,Perdagangan
69300000,1,3,3,2,Perdagangan
21800000,3,1,3,2,Perdagangan
26600000,3,3,2,2,Perdagangan
29000000,3,2,3,2,Perdagangan
99500000,3,3,3,2,Perdagangan
10500000,2,3,2,2,Perdagangan
10000000,3,2,3,1,Perdagangan
44000000,3,3,3,3,Perdagangan
18800000,3,3,3,2,Perdagangan
41400000,2,2,3,2,Perdagangan
63300000,1,3,3,2,Perdagangan
18400000,3,2,1,2,Perdagangan
11000000,3,1,3,2,Perdagangan
35600000,1,3,2,2,Perdagangan
30400000,3,3,3,2,Perdagangan
10900000,3,3,3,2,Perdagangan
43400000,3,3,3,3,Perdagangan
12000000,1,3,3,2,Perdagangan
22200000,3,3,2,3,Perdagangan
27600000,3,3,2,2,Perdagangan
34400000,1,1,3,3,Perdagangan
97200000,3,3,3,2,Perdagangan
21400000,3,3,2,2,Perdagangan
38100000,3,2,2,2,Perdagangan
103800000,2,3,2,2,Perdagangan
48600000,3,2,1,2,Perdagangan
18400000,3,2,3,3,Perdagangan
23200000,3,3,3,3,Perdagangan
23500000,3,3,3,3,Perdagangan
11700000,1,1,3,2,Perdagangan
25500000,3,3,3,3,Perdagangan
18600000,3,3,3,1,Perdagangan
83300000,3,2,1,3,Perdagangan
13700000,3,3,3,3,Perdagangan
171700000,2,3,3,3,Perdagangan
127800000,2,3,3,2,Perdagangan
83100000,3,3,1,1,Perdagangan
114600000,2,3,3,2,Perdagangan
32400000,3,3,2,2,Perdagangan
194200000,2,3,2,2,Perdagangan
152200000,3,3,3,2,Perdagangan
54000000,2,2,3,3,Perdagangan
27500000,2,3,3,1,Perdagangan
32800000,3,3,3,2,Perdagangan
134300000,2,2,3,2,Perdagangan
37500000,3,3,3,1,Perdagangan
46800000,3,3,3,2,Perdagangan
152600000,3,3,2,2,Perdagangan
36300000,3,3,3,2,Perdagangan
73400000,3,3,1,2,Perdagangan
31100000,3,3,3,2,Perdagangan
34500000,3,2,1,2,Perdagangan
84400000,1,3,3,2,Perdagangan
62200000,3,3,3,3,Perdagangan
85800000,2,3,3,2,Perdagangan
171300000,3,3,3,2,Perdagangan
5300000,1,1,3,2,Perdagangan
32300000,3,3,3,2,Perdagangan
19900000,3,3,3,3,Perdagangan
41300000,3,2,1,2,Perdagangan
5500000,3,3,3,2,Perdagangan
7600000,3,3,2,3,Perdagangan
29900000,3,2,1,2,Perdagangan
13900000,2,2,3,2,Perdagangan
14800000,3,3,3,3,Perdagangan
102300000,3,1,3,2,Perdagangan
36900000,3,2,3,1,Perdagangan
14300000,3,3,3,2,Perdagangan
83100000,2,3,3,2,Perdagangan
42200000,3,2,1,2,Perdagangan
7100000,3,3,1,2,Perdagangan
7100000,3,2,3,3,Perdagangan
6900000,3,3,3,3,Perdagangan
46200000,3,1,2,2,Perdagangan
17000000,3,3,1,2,Perdagangan
17500000,3,2,3,2,Perdagangan
49000000,3,3,2,2,Perdagangan
62900000,3,3,3,2,Perdagangan
31000000,3,3,3,2,Perdagangan
15700000,3,3,3,2,Perdagangan
108600000,3,3,3,2,Perdagangan
27300000,3,3,3,2,Perdagangan
193500000,3,3,3,2,Perdagangan
35700000,2,1,3,3,Perdagangan
119500000,3,2,3,2,Perdagangan
15500000,2,3,2,1,Perdagangan
71800000,1,3,1,2,Perdagangan
31600000,3,3,2,2,Perdagangan
23700000,3,1,3,2,Perdagangan
16500000,2,2,3,3,Perdagangan
64400000,2,3,3,2,Perdagangan
193600000,3,3,3,3,Perdagangan
75900000,1,3,3,2,Perdagangan
17100000,1,3,3,2,Perdagangan
36900000,3,3,3,2,Perdagangan
26700000,2,3,3,2,Perdagangan
22700000,3,3,3,2,Perdagangan
21700000,3,3,3,2,Perdagangan
40000000,3,2,3,3,Perdagangan
19500000,2,3,3,3,Perdagangan
199700000,1,1,3,1,Perdagangan
28300000,2,2,3,2,Perdagangan
23300000,3,2,1,3,Perdagangan
16300000,3,2,3,2,Perdagangan
42700000,3,3,3,2,Perdagangan
24500000,3,2,3,3,Perdagangan
17600000,3,3,3,3,Perdagangan
141000000,2,3,3,2,Perdagangan
26900000,2,2,3,2,Perdagangan
37700000,2,3,1,2,Perdagangan
21800000,1,1,2,2,Perdagangan
169000000,3,3,3,2,Perdagangan
19500000,3,2,3,2,Perdagangan
58400000,3,1,3,1,Perdagangan
19000000,2,3,3,3,Perdagangan
58000000,3,3,1,3,Perdagangan
140400000,3,3,1,1,Perdagangan
42000000,3,3,3,1,Perdagangan
47200000,3,3,3,2,Perdagangan
150200000,1,2,3,2,Perdagangan
36000000,2,3,2,3,Perdagangan
34900000,3,3,3,1,Perdagangan
31000000,3,2,1,1,Perdagangan
49900000,3,2,3,3,Perdagangan
60000000,3,3,2,1,Perdagangan
180500000,3,3,1,2,Perdagangan
191500000,2,3,3,3,Perdagangan
42000000,3,3,2,2,Perdagangan
142300000,1,3,3,2,Perdagangan
57700000,1,2,2,3,Perdagangan
97500000,3,1,3,2,Perdagangan
51300000,3,3,2,2,Perdagangan
163000000,2,3,3,2,Perdagangan
26900000,1,3,3,3,Perdagangan
122700000,2,3,2,2,Perdagangan
18900000,2,3,3,3,Perdagangan
39600000,3,2,2,2,Perdagangan
18200000,3,3,3,3,Perdagangan
19100000,3,2,1,3,Perdagangan
135700000,3,3,3,2,Perdagangan
116900000,3,2,1,3,Perdagangan
16200000,3,3,3,2,Perdagangan
29000000,3,3,3,2,Perdagangan
17800000,3,3,1,3,Perdagangan
18300000,3,3,3,2,Perdagangan
63600000,3,2,1,2,Perdagangan
19400000,2,3,3,2,Perdagangan
16400000,3,2,3,2,Perdagangan
53100000,2,3,3,3,Perdagangan
75300000,3,3,1,3,Perdagangan
35100000,3,3,3,2,Perdagangan
122900000,3,3,3,2,Perdagangan
24800000,3,3,3,3,Perdagangan
17800000,1,3,3,2,Perdagangan
90300000,3,2,3,2,Perdagangan
102900000,3,3,3,3,Perdagangan
73500000,2,3,3,2,Perdagangan
29500000,3,3,3,2,Perdagangan
27100000,3,3,3,2,Perdagangan
37200000,3,3,3,2,Perdagangan
23500000,3,3,3,2,Perdagangan
23700000,3,3,2,2,Perdagangan
25700000,3,3,2,2,Perdagangan
43800000,3,3,1,3,Perdagangan
32600000,3,3,2,2,Perdagangan
57900000,3,2,3,3,Perdagangan
156300000,3,2,3,2,Perdagangan
181600000,3,3,2,2,Perdagangan
33500000,2,3,3,3,Perdagangan
39200000,3,3,3,2,Perdagangan
19900000,3,3,3,2,Perdagangan
27600000,3,2,3,2,Perdagangan
34100000,3,3,3,2,Perdagangan
27400000,3,3,3,2,Perdagangan
80500000,3,3,3,2,Perdagangan
34300000,3,3,3,2,Perdagangan
192700000,3,1,1,2,Perdagangan
36200000,3,3,3,2,Perdagangan
163700000,3,3,3,1,Perdagangan
32500000,3,1,3,1,Perdagangan
133500000,3,3,2,2,Perdagangan
120700000,2,2,3,2,Perdagangan
147900000,1,3,3,2,Perdagangan
137300000,2,3,3,2,Perdagangan
141300000,3,2,3,1,Perdagangan
120500000,2,3,3,3,Perdagangan
35400000,3,1,3,2,Perdagangan
106200000,3,3,2,1,Perdagangan
126600000,2,3,3,2,Perdagangan
35200000,3,3,3,1,Perdagangan
51000000,3,3,3,2,Perdagangan
177900000,3,3,3,3,Perdagangan
68200000,3,3,2,2,Perdagangan
133200000,3,3,3,3,Perdagangan
119100000,2,3,3,2,Perdagangan
47700000,3,2,3,2,Perdagangan
40300000,3,2,2,2,Perdagangan
30100000,3,3,3,2,Perdagangan
122800000,2,3,2,2,Perdagangan
191200000,2,2,2,2,Perdagangan
175300000,3,2,3,3,Perdagangan
61400000,3,3,3,2,Perdagangan
25500000,1,3,3,2,Perdagangan
79100000,3,1,3,2,Perdagangan
165400000,2,3,3,2,Perdagangan
148700000,3,3,3,3,Perdagangan
118700000,3,3,3,1,Perdagangan
176800000,3,3,2,2,Perdagangan
101600000,3,2,2,2,Perdagangan
52800000,2,2,3,2,Perdagangan
42400000,3,3,3,2,Perdagangan
116700000,3,3,3,2,Perdagangan
122400000,2,3,3,2,Perdagangan
131900000,3,3,2,2,Perdagangan
86800000,3,3,3,2,Perdagangan
128900000,3,2,3,2,Perdagangan
170800000,3,3,3,2,Perdagangan
39400000,1,3,3,3,Perdagangan
128000000,3,3,3,2,Perdagangan
133200000,3,3,1,2,Perdagangan
61500000,3,3,3,2,Perdagangan
102500000,3,3,3,2,Perdagangan
65100000,3,3,3,2,Perdagangan
60300000,3,3,3,2,Perdagangan
74500000,3,3,1,3,Perdagangan
157700000,1,3,3,1,Perdagangan
119600000,3,3,3,3,Perdagangan
130400000,3,3,2,2,Perdagangan
177200000,3,3,3,1,Perdagangan
31100000,2,3,3,3,Perdagangan
43200000,3,1,2,1,Perdagangan
66600000,3,3,3,3,Perdagangan
62900000,3,3,2,2,Perdagangan
164700000,3,1,2,2,Perdagangan
164400000,1,3,3,2,Perdagangan
22600000,3,2,3,2,Perdagangan
69800000,3,2,3,2,Perdagangan
15500000,3,2,3,2,Perdagangan
10600000,3,2,3,3,Perdagangan
164900000,2,2,2,3,Perdagangan
11900000,3,3,3,2,Perdagangan
17100000,3,3,1,3,Perdagangan
169900000,2,2,2,2,Perdagangan
39900000,2,3,3,2,Perdagangan
151400000,3,3,3,2,Perdagangan
10200000,3,3,2,3,Perdagangan
19600000,3,2,2,3,Perdagangan
50100000,3,3,3,3,Perdagangan
123800000,3,1,3,2,Perdagangan
116700000,3,3,3,1,Perdagangan
27400000,3,3,3,1,Perdagangan
127900000,1,3,3,3,Perdagangan
30700000,3,3,3,2,Perdagangan
19400000,3,1,3,3,Perdagangan
18800000,3,2,3,2,Perdagangan
28200000,3,3,2,2,Perdagangan
36200000,2,3,3,1,Perdagangan
60600000,3,3,2,1,Perdagangan
104200000,2,3,3,3,Perdagangan
40800000,3,3,3,2,Perdagangan
40300000,3,2,3,2,Perdagangan
28300000,3,3,3,2,Perdagangan
163400000,3,2,2,2,Perdagangan
38400000,3,2,2,2,Perdagangan
24300000,3,3,3,3,Perdagangan
150100000,1,3,3,2,Perdagangan
23700000,3,2,3,2,Perdagangan
115500000,3,2,3,2,Perdagangan
147300000,1,3,3,2,Perdagangan
64800000,3,3,3,2,Perdagangan
47700000,2,3,2,2,Perdagangan
29300000,3,3,3,2,Perdagangan
39500000,3,3,1,2,Perdagangan
33600000,3,3,3,2,Perdagangan
53300000,3,3,3,2,Perdagangan
167500000,1,1,3,3,Perdagangan
12100000,3,1,3,3,Perdagangan
5800000,3,3,1,3,Perdagangan
143100000,3,3,3,2,Perdagangan
3900000,3,1,1,3,Perdagangan
42600000,3,1,3,3,Perdagangan
196300000,3,1,3,2,Perdagangan
69900000,3,2,3,3,Perdagangan
21100000,3,3,2,3,Perdagangan
151200000,2,2,3,3,Perdagangan
2000000,3,1,3,1,Perdagangan
18000000,3,1,3,3,Perdagangan
11400000,3,1,2,3,Perdagangan
36900000,3,3,2,3,Perdagangan
22500000,3,2,3,3,Perdagangan
3800000,3,2,3,3,Perdagangan
7000000,3,1,2,2,Perdagangan
96000000,3,3,2,3,Perdagangan
19300000,3,3,3,3,Perdagangan
3400000,2,2,2,3,Perdagangan
22600000,2,2,1,3,Jasa
9300000,2,2,1,3,Jasa
9800000,2,3,1,1,Jasa
19400000,2,2,2,3,Jasa
24500000,3,2,2,2,Jasa
12100000,2,2,2,3,Jasa
112200000,2,2,1,3,Jasa
17600000,1,2,1,1,Jasa
36700000,3,2,1,3,Jasa
144500000,2,1,2,3,Jasa
27000000,1,1,1,3,Jasa
12800000,2,3,2,3,Jasa
36600000,3,3,1,3,Jasa
80500000,3,1,1,3,Jasa
50800000,2,2,1,2,Jasa
21900000,2,1,3,3,Jasa
22600000,3,2,1,3,Jasa
25300000,2,1,1,3,Jasa
23700000,3,3,1,2,Jasa
10900000,2,3,1,3,Jasa
73300000,2,2,1,3,Jasa
5500000,3,2,1,3,Jasa
13100000,2,1,2,2,Jasa
11400000,3,2,1,3,Jasa
11400000,2,2,1,3,Jasa
60600000,2,2,3,3,Jasa
74700000,2,2,1,3,Jasa
8400000,3,2,1,3,Jasa
10700000,2,2,1,3,Jasa
10900000,3,2,2,3,Jasa
14700000,2,2,2,3,Jasa
14900000,2,3,1,3,Jasa
8900000,2,2,1,3,Jasa
19000000,3,2,1,3,Jasa
21900000,3,2,1,3,Jasa
16800000,1,1,2,3,Jasa
25500000,2,1,1,3,Jasa
86300000,2,2,2,3,Jasa
24300000,2,1,1,3,Jasa
121300000,2,2,1,3,Jasa
195400000,3,2,1,2,Jasa
65400000,2,2,1,3,Jasa
8100000,3,1,2,3,Jasa
41400000,3,2,1,3,Jasa
103500000,2,2,1,3,Jasa
5900000,2,3,1,3,Jasa
18200000,3,1,2,2,Jasa
19400000,2,2,1,1,Jasa
5800000,2,2,1,3,Jasa
5100000,3,2,1,3,Jasa
5700000,3,3,1,1,Jasa
15200000,3,2,1,3,Jasa
7500000,2,3,1,1,Jasa
111900000,2,2,1,3,Jasa
7300000,1,3,1,1,Jasa
17900000,3,2,1,2,Jasa
9900000,2,3,1,3,Jasa
70300000,2,2,1,3,Jasa
31900000,2,2,2,1,Jasa
14200000,3,2,1,3,Jasa
13400000,2,2,1,3,Jasa
38300000,2,2,1,3,Jasa
16100000,2,2,1,2,Jasa
14300000,3,3,1,2,Jasa
176200000,2,2,1,2,Jasa
17600000,2,1,3,3,Jasa
57800000,2,3,3,1,Jasa
92500000,3,2,1,3,Jasa
30400000,2,3,1,3,Jasa
12600000,2,2,1,3,Jasa
64800000,2,2,1,3,Jasa
145700000,2,3,2,3,Jasa
16400000,3,1,1,3,Jasa
15400000,2,2,1,3,Jasa
11900000,1,2,1,3,Jasa
9500000,3,1,2,3,Jasa
58700000,2,2,1,3,Jasa
14400000,3,2,2,2,Jasa
9500000,2,2,1,3,Jasa
11800000,2,2,1,3,Jasa
96900000,2,2,1,1,Jasa
117300000,3,2,1,3,Jasa
20800000,2,3,1,2,Jasa
192800000,3,2,1,2,Jasa
57600000,2,2,1,3,Jasa
28200000,3,2,1,3,Jasa
102000000,3,2,1,1,Jasa
111000000,2,2,1,3,Jasa
146600000,2,2,3,2,Jasa
24200000,3,2,1,3,Jasa
28800000,2,2,1,3,Jasa
35500000,2,2,3,2,Jasa
164500000,3,3,3,2,Jasa
27500000,2,3,1,2,Jasa
177500000,3,2,1,3,Jasa
30600000,3,2,1,3,Jasa
29800000,3,2,1,2,Jasa
30200000,3,2,1,3,Jasa
42900000,2,3,1,3,Jasa
34300000,2,2,1,3,Jasa
46200000,3,1,1,2,Jasa
52600000,2,2,2,3,Jasa
56000000,2,3,1,2,Jasa
54700000,3,2,1,2,Jasa
26500000,2,2,2,2,Jasa
143600000,2,2,1,3,Jasa
90000000,2,2,1,3,Jasa
153900000,3,2,1,3,Jasa
32900000,2,2,1,3,Jasa
39100000,3,2,1,2,Jasa
168500000,2,2,1,1,Jasa
30300000,2,2,1,2,Jasa
31500000,2,3,1,3,Jasa
146900000,2,2,1,3,Jasa
79300000,2,2,2,2,Jasa
49200000,3,2,2,2,Jasa
57500000,3,3,3,2,Jasa
123100000,3,2,1,3,Jasa
95500000,3,2,1,3,Jasa
51500000,2,2,1,2,Jasa
4500000,1,1,1,3,Jasa
1800000,3,2,1,3,Jasa
2000000,2,1,3,2,Jasa
30200000,2,1,1,3,Jasa
1100000,3,3,1,3,Jasa
2500000,3,1,1,3,Jasa
4800000,2,1,1,3,Jasa
3500000,2,2,2,3,Jasa
63900000,3,1,2,3,Jasa
39200000,2,2,1,2,Jasa
33000000,2,2,1,2,Jasa
2900000,3,2,1,3,Jasa
53400000,3,2,1,3,Jasa
7900000,1,2,1,3,Jasa
4200000,3,2,2,3,Jasa
17300000,2,2,1,3,Jasa
32900000,2,1,2,3,Jasa
8400000,1,1,1,3,Jasa
2100000,2,1,2,3,Jasa
42500000,3,2,1,3,Jasa
8500000,2,2,2,2,Jasa
18000000,2,2,1,2,Jasa
6100000,2,1,1,3,Jasa
64800000,2,1,1,2,Jasa
32200000,3,2,1,3,Jasa
14600000,3,2,1,3,Jasa
16500000,1,2,1,3,Jasa
7600000,2,1,2,2,Jasa
98800000,2,2,3,3,Jasa
58600000,2,2,1,3,Jasa
6400000,3,3,2,2,Jasa
5300000,3,1,1,2,Jasa
81900000,2,1,2,3,Jasa
5900000,2,2,1,3,Jasa
124800000,2,1,3,3,Jasa
5600000,2,3,1,3,Jasa
52000000,3,1,1,3,Jasa
102500000,3,2,1,3,Jasa
7300000,1,2,1,3,Jasa
11300000,2,1,1,2,Jasa
65100000,2,2,1,3,Jasa
38400000,2,2,1,3,Jasa
20300000,2,1,1,3,Jasa
33700000,2,2,1,3,Jasa
104200000,2,2,1,3,Jasa
22500000,2,2,1,3,Jasa
174500000,3,2,1,3,Jasa
8200000,2,1,1,3,Jasa
90200000,2,1,2,3,Jasa
14700000,1,2,2,3,Jasa
8700000,3,1,1,3,Jasa
19400000,3,3,1,3,Jasa
12100000,2,2,1,1,Jasa
5400000,2,3,1,3,Jasa
24600000,3,2,1,2,Jasa
10800000,3,2,3,3,Jasa
7000000,1,2,2,3,Jasa
76700000,2,2,2,2,Jasa
5100000,2,1,1,1,Jasa
8100000,2,2,1,3,Jasa
74500000,3,2,1,3,Jasa
13800000,2,1,1,3,Jasa
137500000,2,2,1,3,Jasa
29300000,2,2,1,3,Jasa
14300000,1,1,1,3,Jasa
16100000,2,3,1,2,Jasa
10400000,2,2,1,3,Jasa
127800000,2,2,1,3,Jasa
29900000,2,3,1,3,Jasa
13800000,1,1,1,3,Jasa
11600000,2,2,3,2,Jasa
69000000,1,2,3,3,Jasa
26700000,2,1,1,3,Jasa
143500000,2,3,1,3,Jasa
69500000,2,2,1,3,Jasa
14400000,1,2,1,3,Jasa
63100000,2,1,1,3,Jasa
112400000,1,2,1,3,Jasa
19100000,2,1,1,2,Jasa
166700000,2,1,1,3,Jasa
34200000,2,2,1,2,Jasa
33200000,3,1,1,3,Jasa
62400000,3,2,1,3,Jasa
46100000,3,2,1,2,Jasa
58400000,2,1,1,3,Jasa
96300000,2,2,1,3,Jasa
42100000,2,2,1,1,Jasa
78500000,2,2,1,3,Jasa
72800000,2,2,1,2,Jasa
58700000,2,1,1,3,Jasa
97200000,3,2,1,3,Jasa
46800000,2,2,1,2,Jasa
181000000,2,2,1,3,Jasa
45100000,2,2,1,3,Jasa
70200000,3,1,1,3,Jasa
38400000,2,1,1,3,Jasa
45000000,3,1,2,3,Jasa
64300000,3,2,2,3,Jasa
99000000,3,2,2,2,Jasa
31900000,2,3,3,1,Jasa
3100000,2,3,1,3,Jasa
3500000,2,1,3,2,Jasa
3100000,2,1,1,3,Jasa
2200000,2,3,1,2,Jasa
34800000,2,2,1,1,Jasa
33800000,2,1,1,2,Jasa
21000000,2,1,1,3,Jasa
4000000,3,2,1,1,Jasa
5000000,2,2,1,2,Jasa
4400000,2,2,1,2,Jasa
6800000,3,2,2,2,Jasa
4300000,2,2,2,3,Jasa
42600000,2,1,1,2,Jasa
2200000,3,1,2,3,Jasa
76200000,2,2,2,2,Jasa
4100000,2,3,1,2,Jasa
8500000,2,2,1,1,Jasa
79000000,2,1,3,3,Jasa
76400000,2,2,2,1,Jasa
18000000,3,2,1,3,Jasa
31100000,2,2,2,3,Jasa
18200000,2,2,1,3,Jasa
23200000,3,1,1,3,Jasa
28200000,3,3,1,3,Jasa
102400000,2,2,1,3,Jasa
27600000,3,2,2,3,Jasa
14100000,2,2,2,2,Jasa
13000000,2,3,3,1,Jasa
31000000,3,2,1,2,Jasa
16500000,2,2,1,3,Jasa
15100000,3,3,1,3,Jasa
24600000,2,2,1,3,Jasa
10300000,1,2,3,3,Jasa
180800000,3,2,1,3,Jasa
102700000,2,3,1,2,Jasa
23300000,2,2,1,3,Jasa
15300000,3,2,1,2,Jasa
21800000,2,2,1,3,Jasa
16700000,3,2,2,3,Jasa
12300000,1,1,1,3,Jasa
123400000,2,2,1,3,Jasa
20700000,2,2,1,3,Jasa
82600000,2,2,1,3,Jasa
34500000,2,3,1,3,Jasa
110300000,2,2,1,1,Jasa
114800000,2,2,1,1,Jasa
49300000,3,3,1,2,Jasa
40400000,2,2,2,3,Jasa
37200000,3,3,1,2,Jasa
30000000,2,2,1,3,Jasa
112100000,2,1,2,3,Jasa
151700000,2,3,2,2,Jasa
136100000,2,2,1,2,Jasa
69900000,2,2,1,3,Jasa
133300000,3,2,1,3,Jasa
28300000,2,2,1,3,Jasa
21300000,2,2,1,3,Jasa
43900000,3,3,1,3,Jasa
39200000,1,2,2,3,Jasa
50600000,2,2,1,2,Jasa
21900000,2,2,1,3,Jasa
8200000,2,2,1,3,Jasa
41700000,2,2,1,2,Jasa
9900000,3,2,2,3,Jasa
130300000,3,2,1,3,Jasa
10800000,2,2,1,3,Jasa
30300000,2,1,2,3,Jasa
13300000,2,2,2,3,Jasa
66500000,3,2,2,3,Jasa
21600000,2,2,2,2,Jasa
20600000,1,2,2,3,Jasa
18000000,3,2,2,3,Jasa
65900000,1,2,1,3,Jasa
136400000,3,1,1,3,Jasa
13000000,2,2,2,3,Jasa
104500000,3,3,1,3,Jasa
39500000,2,2,2,3,Jasa
124800000,2,2,1,3,Jasa
9400000,2,1,1,2,Jasa
156900000,2,1,2,3,Jasa
81800000,2,3,1,2,Jasa
126300000,2,1,1,3,Jasa
36900000,2,2,1,2,Jasa
162600000,2,2,1,3,Jasa
44800000,2,2,1,2,Jasa
40400000,2,2,1,3,Jasa
94800000,2,2,2,2,Jasa
158900000,2,2,1,2,Jasa
37500000,2,2,1,2,Jasa
143800000,2,2,1,2,Jasa
126500000,2,1,1,2,Jasa
32400000,2,3,1,2,Jasa
184600000,2,2,1,2,Jasa
115800000,2,3,1,1,Jasa
87600000,2,3,1,2,Jasa
142800000,2,1,1,2,Jasa
69600000,2,1,1,2,Jasa
171600000,1,3,1,1,Jasa
140900000,2,2,3,3,Jasa
30800000,2,2,1,2,Jasa
7900000,2,3,1,3,Jasa
2100000,2,2,1,3,Jasa
4500000,2,1,1,2,Jasa
28000000,2,2,1,3,Jasa
5000000,3,2,1,3,Jasa
3500000,2,2,1,3,Jasa
3000000,1,2,1,3,Jasa
44500000,2,2,2,3,Jasa
7200000,2,2,1,3,Jasa
17000000,2,1,1,2,Jasa
18600000,1,2,1,3,Jasa
7000000,3,2,2,3,Jasa
6200000,2,2,1,2,Jasa
2500000,2,2,1,2,Jasa
4700000,2,1,2,3,Jasa
101100000,2,2,3,3,Jasa
101700000,2,2,1,2,Jasa
21300000,2,2,2,3,Jasa
97800000,2,2,1,1,Jasa
4400000,2,1,2,1,Jasa
23800000,2,2,1,2,Jasa
128300000,3,1,2,3,Jasa
66000000,3,2,1,2,Jasa
10900000,2,1,1,2,Jasa
70600000,2,2,1,2,Jasa
13200000,2,2,1,3,Jasa
38300000,2,2,3,2,Jasa
103200000,2,1,2,2,Jasa
29000000,2,1,2,2,Jasa
152800000,3,2,2,2,Jasa
15200000,3,1,2,2,Jasa
25600000,2,1,1,2,Jasa
39900000,3,2,1,3,Jasa
30800000,2,1,2,2,Jasa
39900000,2,2,1,2,Jasa
26400000,2,2,1,2,Jasa
174000000,2,1,2,3,Jasa
12800000,2,1,1,2,Jasa
21200000,3,3,1,2,Jasa
44000000,2,2,1,2,Jasa
9900000,3,3,1,3,Jasa
13700000,2,2,1,3,Jasa
23400000,2,1,2,2,Jasa
37900000,2,2,1,2,Jasa
10000000,2,2,1,1,Jasa
17200000,1,2,2,2,Jasa
19600000,2,3,2,3,Jasa
32700000,2,2,1,2,Jasa
20400000,2,2,1,3,Jasa
68100000,2,2,1,3,Jasa
9800000,2,3,1,3,Jasa
17300000,3,2,1,3,Jasa
22800000,2,3,1,3,Jasa
185100000,2,3,1,3,Jasa
22000000,2,2,1,3,Jasa
25000000,1,2,1,3,Jasa
14300000,2,2,1,1,Jasa
18400000,1,2,3,2,Jasa
10500000,2,1,1,2,Jasa
36200000,2,2,1,3,Jasa
13300000,3,2,1,3,Jasa
191400000,1,3,1,1,Jasa
8200000,2,1,3,3,Jasa
11400000,2,1,1,2,Jasa
80600000,3,2,1,1,Jasa
14800000,3,1,3,3,Jasa
3500000,2,1,1,3,Jasa
6400000,2,1,1,2,Jasa
9600000,2,2,1,1,Jasa
14800000,2,2,1,3,Jasa
4200000,2,2,1,2,Jasa
3200000,3,1,1,3,Jasa
165300000,2,1,1,2,Jasa
5200000,1,2,1,3,Jasa
23900000,3,2,3,3,Jasa
3400000,2,2,1,3,Jasa
19500000,2,1,1,2,Jasa
3300000,2,2,1,1,Jasa
17200000,1,1,1,2,Jasa
5100000,2,2,1,3,Jasa
6700000,2,1,3,2,Produksi
7400000,2,1,2,2,Produksi
11300000,2,1,2,3,Produksi
25300000,2,1,2,2,Produksi
46900000,2,3,2,2,Produksi
8500000,2,1,3,2,Produksi
7300000,2,2,2,2,Produksi
10100000,2,1,2,1,Produksi
41500000,2,1,1,2,Produksi
6500000,2,1,3,1,Produksi
6100000,2,1,2,2,Produksi
35500000,1,1,2,3,Produksi
6400000,2,1,2,2,Produksi
14800000,2,1,2,2,Produksi
15200000,2,1,3,2,Produksi
168200000,2,1,2,2,Produksi
87100000,1,1,3,3,Produksi
9600000,2,2,2,2,Produksi
48500000,2,1,2,2,Produksi
14900000,2,1,2,2,Produksi
67400000,1,3,2,2,Produksi
7000000,2,1,2,2,Produksi
18300000,2,3,2,2,Produksi
44200000,2,1,2,2,Produksi
49200000,2,1,2,2,Produksi
91800000,1,2,2,2,Produksi
64300000,2,1,1,2,Produksi
12100000,2,2,1,1,Produksi
25000000,2,1,2,3,Produksi
3400000,2,1,2,2,Produksi
4600000,2,1,1,1,Produksi
13100000,2,1,1,2,Produksi
7600000,2,1,3,2,Produksi
3500000,2,1,2,1,Produksi
75300000,2,1,2,3,Produksi
103100000,2,2,2,2,Produksi
7400000,2,1,3,2,Produksi
9900000,2,2,2,3,Produksi
5400000,2,2,2,2,Produksi
27600000,2,1,2,1,Produksi
29500000,3,1,3,2,Produksi
18200000,2,1,3,1,Produksi
19100000,2,1,3,2,Produksi
11400000,2,2,2,1,Produksi
15300000,2,1,2,1,Produksi
22700000,1,1,2,3,Produksi
12800000,2,1,2,2,Produksi
28900000,2,1,1,2,Produksi
12800000,1,3,2,2,Produksi
19700000,2,2,1,2,Produksi
36900000,2,1,1,2,Produksi
23200000,2,1,2,1,Produksi
135000000,2,1,2,2,Produksi
84300000,3,1,2,3,Produksi
16300000,3,1,3,2,Produksi
24200000,2,1,2,2,Produksi
35400000,2,1,3,2,Produksi
24100000,2,1,3,1,Produksi
67800000,2,1,2,1,Produksi
172500000,1,1,2,2,Produksi
103200000,2,1,2,2,Produksi
10700000,2,1,3,2,Produksi
19600000,3,2,2,2,Produksi
5100000,2,2,2,2,Produksi
106800000,3,2,3,2,Produksi
7000000,3,1,1,2,Produksi
11000000,2,2,2,2,Produksi
16300000,2,1,2,3,Produksi
61200000,2,1,2,3,Produksi
6500000,1,2,2,2,Produksi
11400000,2,2,2,2,Produksi
13200000,2,1,2,2,Produksi
123500000,2,1,2,3,Produksi
79400000,2,2,2,3,Produksi
7100000,3,2,1,3,Produksi
11000000,2,2,2,3,Produksi
5900000,2,1,2,2,Produksi
85300000,2,2,2,2,Produksi
21600000,1,1,2,2,Produksi
126300000,2,1,2,2,Produksi
91300000,2,1,2,3,Produksi
38100000,2,1,1,2,Produksi
24900000,2,2,2,2,Produksi
45100000,2,2,2,2,Produksi
43400000,3,1,3,2,Produksi
128600000,2,2,1,3,Produksi
26900000,2,1,2,2,Produksi
24900000,2,3,1,2,Produksi
48300000,2,1,2,2,Produksi
46300000,3,1,2,2,Produksi
24800000,1,2,1,2,Produksi
34800000,2,1,2,2,Produksi
31100000,2,1,3,2,Produksi
117500000,2,1,2,2,Produksi
21200000,2,1,2,3,Produksi
21400000,2,2,1,2,Produksi
32300000,2,1,2,2,Produksi
38100000,2,1,2,2,Produksi
24000000,2,2,2,3,Produksi
24300000,2,2,2,2,Produksi
18700000,2,2,2,1,Produksi
142300000,2,1,2,2,Produksi
5400000,2,1,3,2,Produksi
66200000,2,1,2,2,Produksi
9600000,2,1,3,2,Produksi
126700000,2,3,2,2,Produksi
29600000,1,1,2,1,Produksi
6000000,2,1,2,2,Produksi
11500000,2,1,2,2,Produksi
8800000,2,1,1,2,Produksi
14300000,2,3,2,2,Produksi
33400000,2,1,1,2,Produksi
12000000,1,1,2,1,Produksi
108000000,3,1,2,2,Produksi
11900000,2,1,2,1,Produksi
72700000,2,2,2,2,Produksi
9400000,2,2,2,1,Produksi
63800000,2,1,2,2,Produksi
7100000,2,1,2,2,Produksi
7600000,2,1,2,2,Produksi
162300000,2,1,2,2,Produksi
191000000,2,1,2,2,Produksi
4100000,1,2,3,3,Produksi
148600000,2,2,2,2,Produksi
10500000,2,1,3,1,Produksi
12400000,2,3,1,2,Produksi
10500000,2,3,2,3,Produksi
32600000,2,1,2,2,Produksi
4700000,2,2,2,2,Produksi
4000000,2,1,2,1,Produksi
6000000,2,1,3,1,Produksi
112000000,2,2,2,1,Produksi
8300000,3,1,2,2,Produksi
9200000,2,2,2,2,Produksi
30900000,2,2,2,1,Produksi
3400000,2,1,2,3,Produksi
20700000,2,2,2,3,Produksi
131800000,3,1,2,3,Produksi
77500000,2,2,2,3,Produksi
86700000,2,1,2,2,Produksi
78700000,2,2,2,2,Produksi
28800000,2,1,3,2,Produksi
17400000,2,1,2,2,Produksi
12900000,2,1,2,2,Produksi
68400000,2,1,2,3,Produksi
14900000,3,1,2,2,Produksi
197200000,2,1,2,2,Produksi
12000000,2,1,2,2,Produksi
61900000,2,1,2,2,Produksi
61200000,1,2,3,2,Produksi
10100000,2,1,3,2,Produksi
10200000,2,1,2,2,Produksi
28900000,2,2,2,1,Produksi
124800000,2,1,2,3,Produksi
10000000,2,1,2,1,Produksi
18000000,2,1,2,3,Produksi
33600000,2,1,3,3,Produksi
63100000,2,2,2,3,Produksi
10200000,2,2,1,2,Produksi
16200000,2,1,2,2,Produksi
17500000,2,2,2,2,Produksi
42600000,1,1,2,1,Produksi
79100000,1,1,3,2,Produksi
49300000,2,1,1,3,Produksi
29000000,2,1,2,2,Produksi
18200000,2,1,2,2,Produksi
39900000,2,1,2,2,Produksi
52900000,3,2,2,2,Produksi
15300000,3,1,2,3,Produksi
18900000,3,1,2,1,Produksi
23400000,3,2,2,2,Produksi
18000000,2,2,2,2,Produksi
16700000,2,2,3,2,Produksi
37900000,2,1,2,2,Produksi
83400000,2,1,2,2,Produksi
34800000,1,1,1,2,Produksi
18700000,2,1,2,2,Produksi
31100000,2,1,2,2,Produksi
34900000,3,1,3,1,Produksi
28700000,3,1,2,2,Produksi
80000000,2,1,3,3,Produksi
13700000,2,1,2,3,Produksi
10300000,2,1,2,2,Produksi
5900000,2,1,3,2,Produksi
11000000,1,1,3,2,Produksi
7400000,2,1,1,2,Produksi
71900000,2,2,3,2,Produksi
5500000,2,2,2,2,Produksi
6500000,3,1,2,1,Produksi
118500000,2,2,3,1,Produksi
73300000,2,1,2,2,Produksi
16200000,2,2,2,3,Produksi
19000000,2,1,2,2,Produksi
37100000,2,1,2,2,Produksi
8800000,2,3,3,2,Produksi
36700000,2,2,2,2,Produksi
69900000,2,1,2,2,Produksi
66500000,2,1,2,2,Produksi
6000000,2,2,2,2,Produksi
7800000,3,2,2,2,Produksi
30700000,2,1,1,2,Produksi
33100000,2,1,2,2,Produksi
15100000,3,2,2,2,Produksi
19500000,3,2,2,3,Produksi
10700000,3,1,2,2,Produksi
8200000,2,1,2,2,Produksi
8400000,2,1,2,2,Produksi
36400000,2,2,2,3,Produksi
164700000,2,2,3,2,Produksi
23900000,2,1,2,3,Produksi
15900000,2,2,2,3,Produksi
32100000,3,2,2,2,Produksi
26400000,2,1,2,3,Produksi
124800000,2,2,2,2,Produksi
13800000,3,2,2,2,Produksi
6300000,2,1,2,3,Produksi
8100000,2,2,1,2,Produksi
65900000,2,1,2,2,Produksi
15300000,1,1,2,2,Produksi
68000000,2,1,2,2,Produksi
11600000,2,1,2,2,Produksi
17600000,2,1,2,2,Produksi
10800000,2,1,2,2,Produksi
13400000,3,2,2,2,Produksi
21500000,2,1,2,2,Produksi
43600000,2,1,2,2,Produksi
82800000,2,1,2,2,Produksi
10500000,2,1,1,3,Produksi
102700000,2,1,2,2,Produksi
193200000,2,1,2,3,Produksi
176600000,1,2,2,2,Produksi
28400000,2,1,2,2,Produksi
13200000,2,2,2,2,Produksi
23700000,3,1,2,2,Produksi
101700000,2,1,2,2,Produksi
27200000,2,2,2,3,Produksi
26500000,2,1,3,1,Produksi
59800000,2,2,2,2,Produksi
21800000,3,2,2,3,Produksi
19500000,2,1,2,1,Produksi
9700000,2,1,3,2,Produksi
15200000,2,1,2,2,Produksi
14100000,2,1,1,2,Produksi
14200000,2,2,2,2,Produksi
180500000,2,1,2,2,Produksi
15700000,3,1,2,2,Produksi
18800000,2,1,3,2,Produksi
23100000,3,1,2,2,Produksi
20000000,2,1,2,2,Produksi
153500000,2,2,2,2,Produksi
18400000,2,1,2,2,Produksi
24400000,3,1,2,2,Produksi
113100000,2,1,2,2,Produksi
20400000,2,1,2,2,Produksi
143300000,3,2,2,2,Produksi
156800000,2,2,1,2,Produksi
106400000,2,1,2,2,Produksi
22800000,3,1,2,2,Produksi
39300000,2,1,3,2,Produksi
120400000,2,1,2,2,Produksi
31300000,2,1,2,3,Produksi
155200000,2,3,2,1,Produksi
35100000,3,1,2,3,Produksi
154700000,2,2,2,1,Produksi
37900000,2,2,2,2,Produksi
56500000,2,1,1,3,Produksi
21000000,3,1,1,2,Produksi
60700000,1,1,2,2,Produksi
18400000,1,1,2,3,Produksi
95900000,2,1,2,2,Produksi
102400000,2,3,2,2,Produksi
57300000,2,1,2,2,Produksi
23000000,2,2,3,2,Produksi
28600000,3,1,3,2,Produksi
17200000,2,1,2,2,Produksi
38700000,1,1,3,3,Produksi
39400000,1,1,2,2,Produksi
39700000,1,1,1,2,Produksi
39300000,1,1,2,2,Produksi
36400000,2,1,2,2,Produksi
60900000,1,1,2,2,Produksi
36100000,1,2,2,2,Produksi
92100000,2,1,2,2,Produksi
11600000,1,1,2,2,Produksi
10900000,1,1,2,2,Produksi
109400000,2,2,1,2,Produksi
92400000,2,1,2,2,Produksi
20100000,2,1,2,2,Produksi
187900000,1,1,3,1,Produksi
179000000,2,2,2,2,Produksi
10700000,2,1,2,2,Produksi
26600000,2,1,2,2,Produksi
16800000,2,2,2,2,Produksi
31300000,2,1,2,2,Produksi
25800000,2,1,2,2,Produksi
79300000,2,1,2,2,Produksi
156500000,3,1,2,2,Produksi
19900000,2,1,2,2,Produksi
159200000,3,2,2,2,Produksi
57600000,2,1,2,2,Produksi
151100000,2,1,2,2,Produksi
20400000,3,1,2,1,Produksi
13900000,2,1,2,2,Produksi
30400000,2,1,3,2,Produksi
8800000,2,1,2,2,Produksi
22400000,2,1,2,2,Produksi
10500000,2,1,2,3,Produksi
11700000,2,3,2,2,Produksi
11500000,2,1,2,3,Produksi
45200000,1,2,2,2,Produksi
62300000,1,1,3,1,Produksi
8400000,2,1,2,3,Produksi
14500000,1,1,1,2,Produksi
17000000,3,2,2,2,Produksi
15900000,2,2,3,2,Produksi
185900000,3,2,2,2,Produksi
81700000,2,1,3,1,Produksi
40200000,2,2,2,2,Produksi
9200000,1,1,3,2,Produksi
146600000,2,2,2,2,Produksi
9900000,1,1,3,2,Produksi
14500000,2,1,3,2,Produksi
10400000,2,1,2,3,Produksi
6800000,2,2,2,2,Produksi
117400000,2,2,2,2,Produksi
9300000,2,1,3,2,Produksi
18900000,2,1,2,2,Produksi
22300000,2,1,2,2,Produksi
72500000,1,1,2,2,Produksi
13400000,3,1,2,3,Produksi
16000000,3,1,2,3,Produksi
11600000,3,3,2,3,Produksi
14300000,1,1,2,1,Produksi
12600000,2,1,2,2,Produksi
5000000,2,2,2,1,Produksi
33500000,2,1,2,2,Produksi
9100000,1,1,2,2,Produksi
177700000,2,1,2,2,Produksi
8100000,3,1,2,2,Produksi
10800000,2,1,3,2,Produksi
25100000,2,2,3,1,Produksi
127000000,2,2,2,2,Produksi
51400000,2,2,2,2,Produksi
25700000,2,2,1,2,Produksi
35900000,2,1,2,3,Produksi
20100000,3,1,2,3,Produksi
27000000,2,1,2,2,Produksi
36900000,2,1,2,2,Produksi
63600000,2,1,3,2,Produksi
74600000,2,1,2,2,Produksi
22900000,2,1,2,3,Produksi
80600000,2,1,2,2,Produksi
46100000,2,2,3,2,Produksi
33300000,2,2,3,2,Produksi
31000000,2,1,2,2,Produksi
70700000,2,1,3,3,Produksi
30400000,2,2,1,2,Produksi
114400000,2,1,3,2,Produksi
41200000,2,2,1,2,Produksi
26700000,2,1,2,2,Produksi
8400000,3,1,2,2,Produksi
21300000,3,1,2,2,Produksi
24200000,2,1,2,3,Produksi
72400000,3,1,2,3,Produksi
15700000,2,1,2,2,Produksi
97300000,2,1,2,2,Produksi
66100000,2,1,2,2,Produksi
8200000,2,2,2,2,Produksi
45400000,2,1,2,2,Produksi
13700000,2,1,2,2,Produksi
11100000,2,1,2,2,Produksi
159900000,2,1,2,2,Produksi
191300000,2,1,2,2,Produksi
13900000,2,1,1,2,Produksi
23500000,2,1,2,2,Produksi
14200000,2,1,2,1,Produksi
46600000,2,1,2,2,Produksi
9800000,2,1,2,2,Produksi
25900000,2,1,2,3,Produksi
107000000,3,2,2,2,Produksi
119600000,3,2,2,3,Produksi
12700000,2,1,2,2,Produksi
71600000,2,2,2,2,Produksi
16100000,2,1,2,2,Produksi
9200000,1,1,2,2,Produksi
164600000,3,1,1,2,Produksi
7100000,2,1,3,2,Produksi
4900000,2,1,2,2,Produksi
67100000,2,1,2,2,Produksi
21000000,2,1,2,1,Produksi
6700000,1,1,2,3,Produksi
14900000,1,1,1,3,Produksi
5800000,1,1,1,3,Produksi
13900000,2,2,2,3,Produksi
6600000,2,1,2,2,Produksi
43100000,2,2,2,2,Produksi
10100000,2,1,2,2,Produksi
9700000,3,1,2,2,Produksi
4200000,2,1,2,2,Produksi
8600000,2,2,2,2,Produksi
167100000,2,1,2,3,Pertanian/Peternakan
8900000,2,1,1,2,Pertanian/Peternakan
178100000,2,1,2,2,Pertanian/Peternakan
8800000,1,1,1,3,Pertanian/Peternakan
88600000,2,3,1,3,Pertanian/Peternakan
153700000,2,1,1,2,Pertanian/Peternakan
9200000,3,1,2,2,Pertanian/Peternakan
22600000,3,1,1,3,Pertanian/Peternakan
46100000,3,2,1,2,Pertanian/Peternakan
11700000,2,2,1,1,Pertanian/Peternakan
21400000,2,1,1,3,Pertanian/Peternakan
9500000,2,1,1,2,Pertanian/Peternakan
14300000,2,1,1,1,Pertanian/Peternakan
103200000,2,1,1,2,Pertanian/Peternakan
6000000,2,1,2,2,Pertanian/Peternakan
14400000,2,1,2,1,Pertanian/Peternakan
17100000,2,1,1,2,Pertanian/Peternakan
142000000,1,1,1,3,Pertanian/Peternakan
41300000,2,3,1,2,Pertanian/Peternakan
88000000,2,1,1,2,Pertanian/Peternakan
39800000,3,2,1,3,Pertanian/Peternakan
9300000,2,1,1,3,Pertanian/Peternakan
17000000,2,1,1,3,Pertanian/Peternakan
90100000,3,2,1,2,Pertanian/Peternakan
6000000,3,1,1,2,Pertanian/Peternakan
25200000,1,1,2,2,Pertanian/Peternakan
131000000,2,2,1,2,Pertanian/Peternakan
5700000,2,1,3,2,Pertanian/Peternakan
61600000,2,2,1,2,Pertanian/Peternakan
15600000,2,2,1,2,Pertanian/Peternakan
7100000,3,3,1,2,Pertanian/Peternakan
5500000,3,1,1,2,Pertanian/Peternakan
6100000,2,2,2,2,Pertanian/Peternakan
9200000,2,1,2,2,Pertanian/Peternakan
5100000,3,1,1,3,Pertanian/Peternakan
8700000,3,1,1,2,Pertanian/Peternakan
16100000,2,3,2,2,Pertanian/Peternakan
29600000,3,1,2,2,Pertanian/Peternakan
145800000,2,1,2,3,Pertanian/Peternakan
118000000,2,2,1,3,Pertanian/Peternakan
76200000,3,2,1,2,Pertanian/Peternakan
22400000,2,1,2,2,Pertanian/Peternakan
189400000,3,1,1,3,Pertanian/Peternakan
43500000,2,2,1,2,Pertanian/Peternakan
41100000,1,2,1,2,Pertanian/Peternakan
48600000,3,2,1,2,Pertanian/Peternakan
186700000,1,1,2,1,Pertanian/Peternakan
37100000,2,2,1,2,Pertanian/Peternakan
29400000,2,1,2,3,Pertanian/Peternakan
146500000,3,1,1,2,Pertanian/Peternakan
46000000,3,3,1,2,Pertanian/Peternakan
47600000,2,1,2,2,Pertanian/Peternakan
113100000,1,1,1,3,Pertanian/Peternakan
15400000,2,1,1,2,Pertanian/Peternakan
43300000,2,1,1,2,Pertanian/Peternakan
17500000,2,1,2,3,Pertanian/Peternakan
44100000,3,1,3,3,Pertanian/Peternakan
53000000,2,1,2,2,Pertanian/Peternakan
30600000,2,1,2,3,Pertanian/Peternakan
20600000,2,1,1,2,Pertanian/Peternakan
21100000,2,2,2,2,Pertanian/Peternakan
191200000,1,1,2,3,Pertanian/Peternakan
43200000,2,3,1,1,Pertanian/Peternakan
24100000,1,3,1,3,Pertanian/Peternakan
47600000,1,1,2,3,Pertanian/Peternakan
67300000,2,1,1,2,Pertanian/Peternakan
155200000,2,1,2,2,Pertanian/Peternakan
134500000,2,1,1,2,Pertanian/Peternakan
17300000,2,3,1,2,Pertanian/Peternakan
59800000,2,3,3,2,Pertanian/Peternakan
77400000,2,3,3,2,Pertanian/Peternakan
18100000,3,1,1,3,Pertanian/Peternakan
123500000,2,2,1,2,Pertanian/Peternakan
37900000,2,1,1,2,Pertanian/Peternakan
57500000,2,2,1,2,Pertanian/Peternakan
132900000,2,1,1,2,Pertanian/Peternakan
32900000,2,1,2,3,Pertanian/Peternakan
155300000,2,1,3,3,Pertanian/Peternakan
39500000,2,1,1,2,Pertanian/Peternakan
18400000,2,1,1,2,Pertanian/Peternakan
65400000,2,2,2,2,Pertanian/Peternakan
89900000,1,1,1,2,Pertanian/Peternakan
99500000,3,1,3,2,Pertanian/Peternakan
34200000,2,1,1,2,Pertanian/Peternakan
157100000,2,1,1,3,Pertanian/Peternakan
45500000,2,1,3,3,Pertanian/Peternakan
72700000,2,1,1,3,Pertanian/Peternakan
41700000,1,1,2,3,Pertanian/Peternakan
49600000,1,2,2,2,Pertanian/Peternakan
85900000,3,1,2,2,Pertanian/Peternakan
132400000,2,1,1,1,Pertanian/Peternakan
108300000,2,1,1,2,Pertanian/Peternakan
127200000,2,1,2,2,Pertanian/Peternakan
74500000,2,1,2,3,Pertanian/Peternakan
151800000,1,1,1,2,Pertanian/Peternakan
123500000,1,2,2,1,Pertanian/Peternakan
90400000,3,2,1,3,Pertanian/Peternakan
30300000,3,1,1,2,Pertanian/Peternakan
107400000,2,2,1,3,Pertanian/Peternakan
106100000,2,1,1,2,Pertanian/Peternakan
39500000,2,2,2,3,Pertanian/Peternakan
25500000,3,1,2,3,Pertanian/Peternakan
47100000,3,3,1,3,Pertanian/Peternakan
42400000,2,2,1,3,Pertanian/Peternakan
27600000,3,3,1,3,Pertanian/Peternakan
167700000,3,1,2,3,Pertanian/Peternakan
43200000,1,1,1,2,Pertanian/Peternakan
31500000,3,1,1,3,Pertanian/Peternakan
104200000,3,3,1,3,Pertanian/Peternakan
33400000,3,1,1,2,Pertanian/Peternakan
21500000,2,1,2,3,Pertanian/Peternakan
46800000,2,1,2,1,Pertanian/Peternakan
38000000,1,1,1,1,Pertanian/Peternakan
37500000,2,1,1,3,Pertanian/Peternakan
43400000,3,2,3,2,Pertanian/Peternakan
20200000,1,1,1,2,Pertanian/Peternakan
45400000,1,1,2,2,Pertanian/Peternakan
194800000,3,1,3,2,Pertanian/Peternakan
130000000,2,2,1,2,Pertanian/Peternakan
56500000,2,2,1,2,Pertanian/Peternakan
96600000,2,2,3,3,Pertanian/Peternakan
68900000,3,1,2,1,Pertanian/Peternakan
189300000,3,1,1,3,Pertanian/Peternakan
31400000,2,1,1,1,Pertanian/Peternakan
59700000,3,1,2,1,Pertanian/Peternakan
30600000,2,1,1,2,Pertanian/Peternakan
10500000,1,1,2,2,Pertanian/Peternakan
24300000,2,1,2,1,Pertanian/Peternakan
23100000,1,1,1,2,Pertanian/Peternakan
80600000,1,1,1,2,Pertanian/Peternakan
69200000,2,3,2,2,Pertanian/Peternakan
106900000,3,1,1,1,Pertanian/Peternakan
29800000,2,1,1,2,Pertanian/Peternakan
49700000,2,1,2,2,Pertanian/Peternakan
117900000,1,1,1,1,Pertanian/Peternakan
15600000,1,1,1,3,Pertanian/Peternakan
48900000,2,2,1,2,Pertanian/Peternakan
16600000,2,2,1,2,Pertanian/Peternakan
197300000,2,3,2,1,Pertanian/Peternakan
95500000,2,1,1,2,Pertanian/Peternakan
10600000,2,1,1,2,Pertanian/Peternakan
13500000,1,1,2,2,Pertanian/Peternakan
130000000,1,1,1,2,Pertanian/Peternakan
20500000,2,1,1,2,Pertanian/Peternakan
123100000,2,2,1,2,Pertanian/Peternakan
73800000,2,3,3,2,Pertanian/Peternakan
20500000,2,1,1,3,Pertanian/Peternakan
15700000,3,1,1,2,Pertanian/Peternakan
20500000,2,1,2,1,Pertanian/Peternakan
26400000,3,1,1,2,Pertanian/Peternakan
23900000,1,1,1,1,Pertanian/Peternakan
12900000,3,3,2,3,Pertanian/Peternakan
109700000,2,1,1,1,Pertanian/Peternakan
169900000,2,1,3,2,Pertanian/Peternakan
54500000,2,1,2,2,Pertanian/Peternakan
12100000,2,1,3,2,Pertanian/Peternakan
116900000,3,2,2,2,Pertanian/Peternakan
172500000,2,3,1,2,Pertanian/Peternakan
11200000,2,1,1,2,Pertanian/Peternakan
24000000,2,1,1,1,Pertanian/Peternakan
15800000,1,2,1,3,Pertanian/Peternakan
157200000,3,1,2,2,Pertanian/Peternakan
30000000,2,1,2,2,Pertanian/Peternakan
159800000,3,1,2,2,Pertanian/Peternakan
18200000,2,1,1,2,Pertanian/Peternakan
16100000,1,2,1,2,Pertanian/Peternakan
32100000,2,3,2,2,Pertanian/Peternakan
36900000,2,1,1,3,Pertanian/Peternakan
25500000,3,2,1,2,Pertanian/Peternakan
23000000,3,1,2,3,Pertanian/Peternakan
41600000,2,1,1,2,Pertanian/Peternakan
89200000,2,3,1,2,Pertanian/Peternakan
16100000,2,2,2,2,Pertanian/Peternakan
25000000,3,1,2,3,Pertanian/Peternakan
23700000,3,2,1,2,Pertanian/Peternakan
30800000,2,1,1,2,Pertanian/Peternakan
25600000,2,2,2,2,Pertanian/Peternakan
19100000,3,3,1,2,Pertanian/Peternakan
50500000,3,2,1,2,Pertanian/Peternakan
43300000,3,1,2,2,Pertanian/Peternakan
68400000,2,1,3,2,Pertanian/Peternakan
20400000,1,2,1,3,Pertanian/Peternakan
33200000,2,1,2,1,Pertanian/Peternakan
17500000,2,1,1,3,Pertanian/Peternakan
13000000,2,1,1,3,Pertanian/Peternakan
45300000,3,1,1,2,Pertanian/Peternakan
13600000,2,2,1,3,Pertanian/Peternakan
141800000,2,1,2,2,Pertanian/Peternakan
24100000,2,1,3,2,Pertanian/Peternakan
52800000,2,1,1,2,Pertanian/Peternakan
28900000,1,1,2,2,Pertanian/Peternakan
21900000,2,1,2,2,Pertanian/Peternakan
132200000,2,1,1,2,Pertanian/Peternakan
47600000,3,1,1,2,Pertanian/Peternakan
13200000,3,1,1,2,Pertanian/Peternakan
14800000,2,2,3,2,Pertanian/Peternakan
130200000,1,2,1,2,Pertanian/Peternakan
10900000,1,2,1,3,Pertanian/Peternakan
81500000,2,1,1,2,Pertanian/Peternakan
27900000,3,2,1,2,Pertanian/Peternakan
157000000,2,2,2,3,Pertanian/Peternakan
50200000,1,1,1,3,Pertanian/Peternakan
85300000,2,2,1,3,Pertanian/Peternakan
30900000,2,2,2,2,Pertanian/Peternakan
86100000,3,1,2,2,Pertanian/Peternakan
135500000,3,1,1,2,Pertanian/Peternakan
23700000,2,1,1,2,Pertanian/Peternakan
53700000,2,3,1,2,Pertanian/Peternakan
134700000,2,1,3,1,Pertanian/Peternakan
20200000,1,1,1,3,Pertanian/Peternakan
161000000,2,2,1,2,Pertanian/Peternakan
41900000,2,1,1,2,Pertanian/Peternakan
26000000,1,1,1,2,Pertanian/Peternakan
95000000,2,1,1,2,Pertanian/Peternakan
165200000,3,1,3,1,Pertanian/Peternakan
52900000,2,1,2,3,Pertanian/Peternakan
81800000,3,1,3,2,Pertanian/Peternakan
112500000,2,2,1,2,Pertanian/Peternakan
25700000,3,2,3,2,Pertanian/Peternakan
18900000,2,1,1,2,Pertanian/Peternakan
85800000,2,1,1,3,Pertanian/Peternakan
129700000,2,3,2,2,Pertanian/Peternakan
178700000,2,3,1,3,Pertanian/Peternakan
94600000,3,3,1,2,Pertanian/Peternakan
164800000,2,1,1,2,Pertanian/Peternakan
151800000,2,2,2,2,Pertanian/Peternakan
48400000,2,1,2,2,Pertanian/Peternakan
60200000,2,1,2,2,Pertanian/Peternakan
41300000,2,1,1,3,Pertanian/Peternakan
47600000,2,3,1,1,Pertanian/Peternakan
186600000,2,1,2,3,Pertanian/Peternakan
175200000,2,1,2,2,Pertanian/Peternakan
191900000,2,1,1,2,Pertanian/Peternakan
108800000,1,1,1,2,Pertanian/Peternakan
66900000,2,1,3,2,Pertanian/Peternakan
134600000,3,1,1,1,Pertanian/Peternakan
88800000,2,1,1,2,Pertanian/Peternakan
59200000,2,2,1,2,Pertanian/Peternakan
193100000,3,2,2,1,Pertanian/Peternakan
61300000,2,2,1,2,Pertanian/Peternakan
43500000,3,1,2,3,Pertanian/Peternakan
42400000,2,1,1,3,Pertanian/Peternakan
18500000,2,1,1,3,Pertanian/Peternakan
16000000,3,1,1,2,Pertanian/Peternakan
49200000,2,1,2,2,Pertanian/Peternakan
32000000,1,1,1,2,Pertanian/Peternakan
57600000,3,1,1,2,Pertanian/Peternakan
15000000,1,1,2,2,Pertanian/Peternakan
10200000,3,1,3,3,Pertanian/Peternakan
21700000,2,1,3,2,Pertanian/Peternakan
16700000,3,1,1,2,Pertanian/Peternakan
42500000,3,1,2,3,Pertanian/Peternakan
13000000,3,1,3,2,Pertanian/Peternakan
10900000,2,1,1,2,Pertanian/Peternakan
17700000,3,1,1,2,Pertanian/Peternakan
12300000,1,1,1,1,Pertanian/Peternakan
47500000,1,1,1,2,Pertanian/Peternakan
21900000,1,1,1,3,Pertanian/Peternakan
32600000,2,1,1,2,Pertanian/Peternakan
13000000,3,1,2,1,Pertanian/Peternakan
49900000,2,1,1,2,Pertanian/Peternakan
20000000,3,1,1,3,Pertanian/Peternakan
31200000,2,1,1,2,Pertanian/Peternakan
26100000,2,1,2,2,Pertanian/Peternakan
47900000,1,1,2,3,Pertanian/Peternakan
41200000,2,1,1,3,Pertanian/Peternakan
16800000,2,1,2,2,Pertanian/Peternakan
15500000,2,1,2,3,Pertanian/Peternakan
87400000,2,2,1,3,Pertanian/Peternakan
22100000,2,1,1,3,Pertanian/Peternakan
191600000,2,1,1,3,Pertanian/Peternakan
142100000,1,1,3,3,Pertanian/Peternakan
15900000,3,1,1,2,Pertanian/Peternakan
86400000,1,1,1,3,Pertanian/Peternakan
123100000,3,1,2,2,Pertanian/Peternakan
30800000,2,1,1,1,Pertanian/Peternakan
47700000,2,1,1,2,Pertanian/Peternakan
121200000,1,2,2,1,Pertanian/Peternakan
48900000,3,1,1,1,Pertanian/Peternakan
40900000,3,1,1,3,Pertanian/Peternakan
13000000,3,2,1,2,Pertanian/Peternakan
132600000,1,1,3,3,Pertanian/Peternakan
76500000,2,2,1,2,Pertanian/Peternakan
181500000,2,2,2,2,Pertanian/Peternakan
29900000,1,1,2,3,Pertanian/Peternakan
24700000,1,1,1,3,Pertanian/Peternakan
11500000,3,1,1,1,Pertanian/Peternakan
13300000,2,2,1,3,Pertanian/Peternakan
199700000,2,1,1,2,Pertanian/Peternakan
20100000,1,1,1,2,Pertanian/Peternakan
22100000,2,2,2,2,Pertanian/Peternakan
119400000,2,3,1,3,Pertanian/Peternakan
131700000,1,1,3,2,Pertanian/Peternakan
64800000,2,1,1,2,Pertanian/Peternakan
56700000,2,1,2,2,Pertanian/Peternakan
44500000,3,2,2,3,Pertanian/Peternakan
15500000,2,1,1,2,Pertanian/Peternakan
38700000,3,2,1,2,Pertanian/Peternakan
179800000,1,1,1,2,Pertanian/Peternakan
13800000,2,1,1,2,Pertanian/Peternakan
8900000,2,2,3,2,Pertanian/Peternakan
23300000,2,1,1,2,Pertanian/Peternakan
6200000,3,1,1,2,Pertanian/Peternakan
5200000,2,1,1,1,Pertanian/Peternakan
12000000,2,3,2,2,Pertanian/Peternakan
35100000,3,1,1,2,Pertanian/Peternakan
40200000,3,2,1,2,Pertanian/Peternakan
23300000,3,2,1,2,Pertanian/Peternakan
7400000,3,2,1,3,Pertanian/Peternakan
39300000,2,2,1,2,Pertanian/Peternakan
102300000,3,3,3,3,Pertanian/Peternakan
119000000,3,1,2,2,Pertanian/Peternakan
7800000,2,1,2,2,Pertanian/Peternakan
58200000,3,1,2,1,Pertanian/Peternakan
13600000,3,3,1,2,Pertanian/Peternakan
13700000,2,2,2,2,Pertanian/Peternakan
35600000,1,1,2,2,Pertanian/Peternakan
15300000,1,1,1,2,Pertanian/Peternakan
77700000,2,1,1,2,Pertanian/Peternakan
157700000,3,2,1,3,Pertanian/Peternakan
29400000,2,1,1,2,Pertanian/Peternakan
26200000,3,1,1,2,Pertanian/Peternakan
37000000,3,3,1,2,Pertanian/Peternakan
30000000,3,2,1,3,Pertanian/Peternakan
14400000,2,3,2,2,Pertanian/Peternakan
133600000,3,2,1,3,Pertanian/Peternakan
163700000,3,1,1,2,Pertanian/Peternakan
15000000,3,3,1,2,Pertanian/Peternakan
13900000,3,3,2,3,Pertanian/Peternakan
23900000,3,2,3,2,Pertanian/Peternakan
28800000,3,1,1,2,Pertanian/Peternakan
40700000,2,1,1,1,Pertanian/Peternakan
179700000,2,1,2,3,Pertanian/Peternakan
23400000,1,1,1,2,Pertanian/Peternakan
25100000,2,2,1,2,Pertanian/Peternakan
80000000,2,1,3,2,Pertanian/Peternakan
18800000,2,2,1,1,Pertanian/Peternakan
131100000,3,3,1,3,Pertanian/Peternakan
93200000,2,2,1,2,Pertanian/Peternakan
14300000,3,1,3,2,Pertanian/Peternakan
62600000,3,1,1,2,Pertanian/Peternakan
125700000,1,1,1,3,Pertanian/Peternakan
144500000,3,3,3,3,Pertanian/Peternakan
44300000,3,2,1,3,Pertanian/Peternakan
44000000,2,1,1,1,Pertanian/Peternakan
60300000,2,2,2,2,Pertanian/Peternakan
175800000,3,2,1,2,Pertanian/Peternakan
121900000,2,2,1,3,Pertanian/Peternakan
152800000,2,1,1,1,Pertanian/Peternakan
15100000,1,1,1,2,Pertanian/Peternakan
18900000,2,1,2,2,Pertanian/Peternakan
24300000,3,3,3,3,Pertanian/Peternakan
163700000,2,1,2,2,Pertanian/Peternakan
70800000,2,1,1,2,Pertanian/Peternakan
58200000,2,1,2,2,Pertanian/Peternakan
20200000,3,1,1,1,Pertanian/Peternakan
48500000,2,1,2,1,Pertanian/Peternakan
184800000,2,1,2,1,Pertanian/Peternakan
156200000,2,1,3,2,Pertanian/Peternakan
35800000,2,2,3,2,Pertanian/Peternakan
73700000,2,1,2,3,Pertanian/Peternakan
19300000,2,1,1,3,Pertanian/Peternakan
41700000,3,1,1,1,Pertanian/Peternakan
38000000,2,1,1,3,Pertanian/Peternakan
81800000,2,1,3,2,Pertanian/Peternakan
192800000,2,1,1,2,Pertanian/Peternakan
28600000,2,1,3,2,Pertanian/Peternakan
51700000,2,1,1,2,Pertanian/Peternakan
54300000,1,3,2,2,Pertanian/Peternakan
114300000,1,1,2,2,Pertanian/Peternakan
33000000,2,3,2,1,Pertanian/Peternakan
25000000,3,1,1,2,Pertanian/Peternakan
59900000,2,1,1,2,Pertanian/Peternakan
22300000,2,1,1,3,Pertanian/Peternakan
60600000,2,1,2,2,Pertanian/Peternakan
150200000,2,1,1,3,Pertanian/Peternakan
153400000,2,2,1,2,Pertanian/Peternakan
31000000,2,1,2,2,Pertanian/Peternakan
32100000,2,1,2,2,Pertanian/Peternakan
22900000,2,1,1,2,Pertanian/Peternakan
120000000,2,1,1,2,Pertanian/Peternakan
51900000,3,2,2,3,Pertanian/Peternakan
34300000,2,1,1,3,Pertanian/Peternakan
39200000,3,1,1,3,Pertanian/Peternakan
13400000,1,3,2,2,Pertanian/Peternakan
76400000,3,2,2,2,Pertanian/Peternakan
74100000,1,1,1,3,Pertanian/Peternakan
18100000,1,1,1,3,Pertanian/Peternakan
21200000,2,1,1,3,Pertanian/Peternakan
143500000,3,1,1,1,Pertanian/Peternakan
19600000,3,1,1,2,Pertanian/Peternakan
14000000,3,1,1,2,Pertanian/Peternakan
151700000,2,1,3,2,Pertanian/Peternakan
51200000,3,1,1,3,Pertanian/Peternakan
10400000,2,1,3,2,Pertanian/Peternakan
18600000,2,1,1,3,Pertanian/Peternakan
20900000,2,1,1,1,Pertanian/Peternakan
37300000,1,1,2,2,Pertanian/Peternakan
40600000,3,1,3,2,Pertanian/Peternakan
120900000,3,1,1,3,Pertanian/Peternakan
